Timeseries,Predictions,Max Eigen Ratio,Variance of Eigen Ratio,Normalized Area Under Eigen Ratio
Resamplerate121997b,STOCHASTIC,17.53024575926792,2.1170709980951004,26.87346030373168
Resamplerate052099b,NON-ST,312.4585141714971,198.66827316512976,590.2741451265579
Resamplerate011498a,NON-ST,67.67526593447135,118.719654705788,29.99818871079813
Resamplerate101397b,STOCHASTIC,15.044821140600778,8.135262739476294,20.611006257684245
