Threshold,K means silhouette score
5,0.43435852178047973
6,0.41019176260234863
7,0.41019176260234863
8,0.4216558344890557
9,0.4216558344890557
10,0.4216558344890557
11,0.4216558344890557
12,0.4216558344890557
13,0.4216558344890557
14,0.4216558344890557
15,0.4216558344890557
16,0.4216558344890557
17,0.4216558344890557
18,0.4216558344890557
19,0.4216558344890557
