Threshold,K means silhouette score
5,0.9106823290548001
6,0.9154996985801016
7,0.914937134012449
8,0.9215454656593824
9,0.9212938056315866
10,0.9276059133164584
11,0.9275954351608081
12,0.9275874168506213
13,0.9275730653103427
14,0.9275541854725973
15,0.9285712946034641
16,0.9285712926647401
17,0.9285712911755617
18,0.9285712910001649
19,0.9285712904523125
