Threshold,K means silhouette score
5,0.8174804848458013
6,0.753427209216843
7,0.6859851248331624
8,0.7498911021364342
9,0.7988746422126789
10,0.8220045388175421
