Threshold,Silhouette_score
5,0.8148591464622826
6,0.84279456091456
7,0.8491574827717915
8,0.9376564368253842
9,0.9535429995685819
10,0.8923022843274396
11,0.892877842012065
12,0.8927393538049053
13,0.8977665874039025
14,0.8975402980706761
15,0.9285676321642101
16,0.9285675927260199
17,0.9285676484698556
18,0.9285676955662242
19,0.9285676815726821
